time_ms,T_IR_Pd0um,T_IR_Pd10um,T_IR_Pd20um,T_IR_Pd40um,T_IR_Pd60um,T_IR_Pd100um
0.0000,120.8500,120.8500,120.8500,120.8500,120.8500,120.8500
0.3006,120.9173,120.9173,120.9123,120.9126,120.9074,120.8894
0.6012,121.0276,121.0294,121.0223,121.0226,121.0236,121.0054
0.9018,121.1573,121.1543,121.1534,121.1516,121.1319,121.1170
1.2024,121.2830,121.2839,121.2762,121.2769,121.2630,121.2399
1.5030,121.3992,121.3999,121.3931,121.3947,121.3822,121.3373
1.8036,121.4984,121.4996,121.4934,121.4949,121.4853,121.4305
2.1042,121.5738,121.5758,121.5703,121.5728,121.5659,121.5046
2.4048,121.6335,121.6361,121.6312,121.6353,121.6305,121.5646
2.7054,121.6807,121.6841,121.6795,121.6850,121.6820,121.6117
3.0060,121.7278,121.7314,121.7274,121.7336,121.7323,121.6590
3.3066,121.7805,121.7843,121.7806,121.7873,121.7875,121.7131
3.6072,121.8368,121.8408,121.8373,121.8446,121.8458,121.7712
3.9078,121.8953,121.8994,121.8961,121.9038,121.9063,121.8309
4.2084,121.9537,121.9578,121.9547,121.9627,121.9660,121.8903
4.5090,122.0103,122.0143,122.0112,122.0194,122.0236,121.9479
4.8096,122.0634,122.0673,122.0642,122.0727,122.0777,122.0027
5.1102,122.1105,122.1142,122.1112,122.1199,122.1259,122.0514
5.4108,122.1506,122.1542,122.1512,122.1601,122.1669,122.0930
5.7114,122.1839,122.1875,122.1846,122.1936,122.2009,122.1283
6.0120,122.2111,122.2146,122.2118,122.2211,122.2293,122.1582
6.3126,122.2318,122.2354,122.2326,122.2422,122.2511,122.1814
6.6132,122.2469,122.2505,122.2478,122.2576,122.2674,122.1989
6.9138,122.2571,122.2606,122.2581,122.2682,122.2784,122.2118
7.2144,122.2621,122.2657,122.2632,122.2738,122.2851,122.2203
7.5150,122.2625,122.2661,122.2638,122.2747,122.2866,122.2236
7.8156,122.2588,122.2624,122.2603,122.2714,122.2840,122.2226
8.1162,122.2513,122.2551,122.2531,122.2647,122.2780,122.2185
8.4168,122.2400,122.2438,122.2421,122.2540,122.2681,122.2109
8.7174,122.2254,122.2292,122.2277,122.2400,122.2549,122.1996
9.0180,122.2080,122.2119,122.2105,122.2231,122.2385,122.1850
9.3186,122.1874,122.1915,122.1903,122.2035,122.2198,122.1685
9.6192,122.1643,122.1685,122.1675,122.1812,122.1981,122.1491
9.9198,122.1389,122.1432,122.1423,122.1563,122.1739,122.1270
10.2204,122.1113,122.1158,122.1152,122.1297,122.1476,122.1027
10.5210,122.0816,122.0862,122.0858,122.1007,122.1198,122.0772
10.8216,122.0500,122.0546,122.0545,122.0699,122.0896,122.0493
11.1222,122.0170,122.0217,122.0218,122.0374,122.0576,122.0195
11.4228,121.9820,121.9870,121.9873,122.0036,122.0245,121.9881
11.7234,121.9458,121.9509,121.9514,121.9681,121.9898,121.9561
12.0240,121.9083,121.9135,121.9142,121.9313,121.9538,121.9222
12.3246,121.8696,121.8750,121.8760,121.8936,121.9163,121.8869
12.6253,121.8299,121.8353,121.8366,121.8546,121.8784,121.8508
12.9259,121.7890,121.7945,121.7961,121.8147,121.8390,121.8142
13.2265,121.7476,121.7532,121.7550,121.7738,121.7988,121.7760
13.5271,121.7050,121.7107,121.7129,121.7325,121.7579,121.7370
13.8277,121.6619,121.6676,121.6701,121.6901,121.7165,121.6977
14.1283,121.6182,121.6241,121.6267,121.6470,121.6741,121.6579
14.4289,121.5738,121.5799,121.5829,121.6037,121.6311,121.6170
14.7295,121.5290,121.5352,121.5384,121.5597,121.5880,121.5755
15.0301,121.4837,121.4899,121.4934,121.5153,121.5442,121.5341
15.3307,121.4381,121.4445,121.4483,121.4703,121.5000,121.4921
15.6313,121.3920,121.3985,121.4026,121.4253,121.4553,121.4495
15.9319,121.3457,121.3524,121.3567,121.3797,121.4108,121.4065
16.2325,121.2993,121.3060,121.3105,121.3339,121.3654,121.3639
16.5331,121.2525,121.2594,121.2643,121.2881,121.3202,121.3206
16.8337,121.2056,121.2127,121.2177,121.2421,121.2748,121.2771
17.1343,121.1586,121.1657,121.1711,121.1959,121.2294,121.2334
17.4349,121.1114,121.1190,121.1245,121.1494,121.1836,121.1902
17.7355,121.0643,121.0718,121.0776,121.1033,121.1377,121.1462
18.0361,121.0170,121.0247,121.0308,121.0568,121.0921,121.1024
18.3367,120.9699,120.9778,120.9840,121.0104,121.0463,121.0584
18.6373,120.9225,120.9307,120.9373,120.9639,121.0005,121.0150
18.9379,120.8755,120.8836,120.8905,120.9177,120.9546,120.9709
19.2385,120.8284,120.8367,120.8437,120.8714,120.9093,120.9271
19.5391,120.7814,120.7900,120.7973,120.8251,120.8635,120.8834
19.8397,120.7345,120.7431,120.7507,120.7791,120.8179,120.8400
20.1403,120.6877,120.6965,120.7043,120.7330,120.7725,120.7962
20.4409,120.6412,120.6500,120.6579,120.6872,120.7274,120.7528
20.7415,120.5945,120.6037,120.6119,120.6414,120.6821,120.7096
21.0421,120.5482,120.5574,120.5658,120.5960,120.6371,120.6665
21.3427,120.5021,120.5114,120.5199,120.5504,120.5925,120.6233
21.6433,120.4560,120.4657,120.4744,120.5052,120.5476,120.5804
21.9439,120.4102,120.4199,120.4287,120.4602,120.5032,120.5378
22.2445,120.3646,120.3745,120.3836,120.4153,120.4588,120.4952
22.5451,120.3193,120.3294,120.3385,120.3707,120.4150,120.4528
22.8457,120.2741,120.2842,120.2938,120.3262,120.3709,120.4105
23.1463,120.2292,120.2395,120.2491,120.2821,120.3272,120.3688
23.4469,120.1845,120.1949,120.2047,120.2380,120.2838,120.3269
23.7475,120.1400,120.1507,120.1607,120.1943,120.2407,120.2854
24.0481,120.0959,120.1065,120.1167,120.1508,120.1977,120.2440
24.3487,120.0519,120.0627,120.0731,120.1076,120.1550,120.2032
24.6493,120.0082,120.0192,120.0297,120.0646,120.1126,120.1619
24.9499,119.9647,119.9759,119.9867,120.0218,120.0701,120.1214
25.2505,119.9215,119.9329,119.9438,119.9794,120.0283,120.0810
25.5511,119.8787,119.8901,119.9012,119.9371,119.9865,120.0411
25.8517,119.8359,119.8476,119.8589,119.8952,119.9453,120.0009
26.1523,119.7936,119.8054,119.8167,119.8535,119.9038,119.9613
26.4529,119.7515,119.7634,119.7750,119.8121,119.8630,119.9220
26.7535,119.7096,119.7218,119.7334,119.7708,119.8223,119.8830
27.0541,119.6682,119.6802,119.6922,119.7300,119.7818,119.8438
27.3547,119.6268,119.6392,119.6511,119.6895,119.7417,119.8053
27.6553,119.5859,119.5983,119.6105,119.6490,119.7018,119.7670
27.9559,119.5450,119.5577,119.5702,119.6090,119.6624,119.7289
28.2565,119.5047,119.5174,119.5299,119.5691,119.6228,119.6908
28.5571,119.4644,119.4774,119.4901,119.5297,119.5839,119.6534
28.8577,119.4245,119.4377,119.4505,119.4903,119.5450,119.6161
29.1583,119.3850,119.3981,119.4113,119.4515,119.5067,119.5788
29.4589,119.3456,119.3591,119.3721,119.4128,119.4682,119.5420
29.7595,119.3066,119.3201,119.3334,119.3743,119.4304,119.5056
30.0601,119.2678,119.2815,119.2950,119.3362,119.3927,119.4694
30.3607,119.2293,119.2431,119.2567,119.2983,119.3552,119.4331
30.6613,119.1912,119.2050,119.2189,119.2608,119.3180,119.3974
30.9619,119.1532,119.1673,119.1812,119.2232,119.2812,119.3619
31.2625,119.1157,119.1297,119.1439,119.1864,119.2447,119.3268
31.5631,119.0783,119.0926,119.1067,119.1496,119.2080,119.2914
31.8637,119.0412,119.0556,119.0700,119.1131,119.1722,119.2569
32.1643,119.0044,119.0189,119.0335,119.0767,119.1363,119.2224
32.4649,118.9679,118.9825,118.9971,119.0409,119.1009,119.1882
32.7655,118.9316,118.9464,118.9613,119.0053,119.0654,119.1539
33.0661,118.8955,118.9106,118.9255,118.9697,119.0306,119.1205
33.3667,118.8600,118.8749,118.8901,118.9347,118.9958,119.0871
33.6673,118.8245,118.8397,118.8549,118.8998,118.9612,119.0537
33.9679,118.7892,118.8047,118.8201,118.8652,118.9269,119.0205
34.2685,118.7544,118.7698,118.7854,118.8307,118.8931,118.9882
34.5691,118.7197,118.7353,118.7509,118.7968,118.8594,118.9557
34.8697,118.6854,118.7011,118.7170,118.7629,118.8257,118.9233
35.1703,118.6512,118.6671,118.6831,118.7292,118.7928,118.8911
35.4709,118.6175,118.6333,118.6495,118.6960,118.7598,118.8598
35.7715,118.5838,118.5999,118.6160,118.6630,118.7271,118.8283
36.0721,118.5505,118.5667,118.5831,118.6302,118.6945,118.7967
36.3727,118.5175,118.5336,118.5503,118.5974,118.6626,118.7658
36.6733,118.4846,118.5011,118.5176,118.5653,118.6306,118.7353
36.9739,118.4521,118.4686,118.4854,118.5333,118.5988,118.7047
37.2745,118.4198,118.4364,118.4533,118.5014,118.5674,118.6740
37.5752,118.3879,118.4044,118.4214,118.4698,118.5363,118.6443
37.8758,118.3561,118.3729,118.3898,118.4386,118.5054,118.6146
38.1764,118.3243,118.3414,118.3586,118.4075,118.4744,118.5849
38.4770,118.2933,118.3101,118.3276,118.3765,118.4443,118.5552
38.7776,118.2621,118.2793,118.2966,118.3462,118.4140,118.5265
39.0782,118.2313,118.2486,118.2662,118.3158,118.3840,118.4977
39.3788,118.2008,118.2181,118.2359,118.2857,118.3540,118.4689
39.6794,118.1704,118.1878,118.2057,118.2557,118.3248,118.4400
39.9800,118.1404,118.1580,118.1757,118.2263,118.2954,118.4123
40.2806,118.1103,118.1282,118.1463,118.1969,118.2662,118.3843
40.5812,118.0809,118.0985,118.1169,118.1675,118.2374,118.3562
40.8818,118.0514,118.0694,118.0876,118.1388,118.2090,118.3285
41.1824,118.0222,118.0403,118.0588,118.1101,118.1806,118.3017
41.4830,117.9934,118.0115,118.0301,118.0816,118.1521,118.2745
41.7836,117.9647,117.9829,118.0016,118.0532,118.1245,118.2472
42.0842,117.9363,117.9546,117.9732,118.0254,118.0967,118.2205
42.3848,117.9080,117.9265,117.9455,117.9976,118.0692,118.1944
42.6854,117.8801,117.8984,117.9176,117.9698,118.0417,118.1681
42.9860,117.8523,117.8710,117.8899,117.9425,118.0151,118.1414
43.2866,117.8246,117.8434,117.8627,117.9155,117.9882,118.1158
43.5872,117.7975,117.8160,117.8355,117.8885,117.9613,118.0906
43.8878,117.7702,117.7891,117.8085,117.8616,117.9349,118.0649
44.1884,117.7433,117.7623,117.7818,117.8353,117.9089,118.0392
44.4890,117.7166,117.7357,117.7555,117.8090,117.8828,118.0145
44.7896,117.6902,117.7091,117.7292,117.7827,117.8567,117.9898
45.0902,117.6638,117.6832,117.7029,117.7568,117.8316,117.9651
45.3908,117.6377,117.6571,117.6772,117.7314,117.8061,117.9401
45.6914,117.6120,117.6312,117.6516,117.7059,117.7809,117.9164
45.9920,117.5862,117.6058,117.6261,117.6804,117.7557,117.8924
46.2926,117.5607,117.5805,117.6007,117.6556,117.7313,117.8682
46.5932,117.5356,117.5553,117.5759,117.6307,117.7066,117.8441
46.8938,117.5106,117.5301,117.5509,117.6059,117.6819,117.8213
47.1944,117.4857,117.5057,117.5261,117.5813,117.6579,117.7978
47.4950,117.4609,117.4810,117.5018,117.5574,117.6341,117.7744
47.7956,117.4368,117.4565,117.4776,117.5332,117.6103,117.7513
48.0962,117.4124,117.4325,117.4534,117.5090,117.5862,117.7291
48.3968,117.3883,117.4086,117.4294,117.4855,117.5632,117.7064
48.6974,117.3646,117.3847,117.4060,117.4622,117.5399,117.6835
48.9980,117.3409,117.3610,117.3824,117.4388,117.5166,117.6614
49.2986,117.3174,117.3378,117.3589,117.4154,117.4936,117.6400
49.5992,117.2940,117.3145,117.3360,117.3928,117.4714,117.6178
49.8998,117.2711,117.2913,117.3131,117.3700,117.4487,117.5955
50.2004,117.2480,117.2687,117.2902,117.3472,117.4260,117.5743
50.5010,117.2252,117.2459,117.2675,117.3248,117.4041,117.5534
50.8016,117.2029,117.2234,117.2455,117.3028,117.3823,117.5320
51.1022,117.1804,117.2011,117.2231,117.2807,117.3604,117.5103
51.4028,117.1582,117.1792,117.2009,117.2585,117.3385,117.4901
51.7034,117.1361,117.1571,117.1792,117.2372,117.3174,117.4697
52.0040,117.1145,117.1352,117.1576,117.2156,117.2960,117.4488
52.3046,117.0926,117.1138,117.1360,117.1941,117.2748,117.4280
52.6052,117.0711,117.0923,117.1145,117.1729,117.2537,117.4084
52.9058,117.0500,117.0709,117.0936,117.1522,117.2333,117.3885
53.2064,117.0287,117.0499,117.0725,117.1312,117.2126,117.3683
53.5070,117.0077,117.0292,117.0515,117.1103,117.1919,117.3482
53.8076,116.9869,117.0083,117.0310,117.0900,117.1718,117.3294
54.1082,116.9664,116.9876,117.0105,117.0697,117.1518,117.3099
54.4088,116.9458,116.9675,116.9902,117.0494,117.1318,117.2903
54.7094,116.9254,116.9471,116.9699,117.0292,117.1117,117.2712
55.0100,116.9055,116.9270,116.9502,117.0097,117.0924,117.2527
55.3106,116.8853,116.9070,116.9302,116.9898,117.0729,117.2338
55.6112,116.8655,116.8874,116.9104,116.9701,117.0534,117.2148
55.9118,116.8459,116.8677,116.8910,116.9508,117.0341,117.1964
56.2124,116.8263,116.8481,116.8717,116.9317,117.0155,117.1785
56.5130,116.8070,116.8291,116.8524,116.9126,116.9965,117.1600
56.8136,116.7877,116.8098,116.8332,116.8934,116.9775,117.1416
57.1142,116.7688,116.7908,116.8146,116.8750,116.9591,117.1241
57.4148,116.7498,116.7720,116.7957,116.8563,116.9408,117.1065
57.7154,116.7311,116.7534,116.7770,116.8376,116.9225,117.0887
58.0160,116.7127,116.7348,116.7587,116.8194,116.9041,117.0709
58.3166,116.6941,116.7163,116.7403,116.8013,116.8865,117.0540
58.6172,116.6758,116.6983,116.7222,116.7833,116.8685,117.0369
58.9178,116.6576,116.6801,116.7041,116.7652,116.8507,117.0197
59.2184,116.6397,116.6622,116.6865,116.7477,116.8331,117.0024
59.5190,116.6218,116.6444,116.6686,116.7300,116.8160,116.9862
59.8196,116.6040,116.6267,116.6510,116.7125,116.7986,116.9694
60.1202,116.5866,116.6092,116.6337,116.6951,116.7813,116.9527
60.4208,116.5691,116.5918,116.6163,116.6782,116.7645,116.9362
60.7214,116.5518,116.5748,116.5992,116.6609,116.7477,116.9205
61.0220,116.5347,116.5575,116.5820,116.6440,116.7309,116.9041
61.3226,116.5178,116.5405,116.5654,116.6273,116.7141,116.8880
61.6232,116.5009,116.5238,116.5485,116.6107,116.6980,116.8720
61.9238,116.4840,116.5071,116.5318,116.5941,116.6815,116.8568
62.2244,116.4676,116.4906,116.5155,116.5776,116.6653,116.8409
62.5251,116.4509,116.4741,116.4991,116.5617,116.6491,116.8251
62.8257,116.4347,116.4580,116.4829,116.5455,116.6335,116.8100
63.1263,116.4185,116.4417,116.4667,116.5294,116.6175,116.7950
63.4269,116.4024,116.4257,116.4510,116.5136,116.6017,116.7797
63.7275,116.3865,116.4098,116.4350,116.4980,116.5864,116.7644
64.0281,116.3705,116.3941,116.4192,116.4823,116.5709,116.7499
64.3287,116.3550,116.3784,116.4038,116.4668,116.5556,116.7351
64.6293,116.3393,116.3628,116.3883,116.4517,116.5402,116.7204
64.9299,116.3239,116.3476,116.3730,116.4363,116.5255,116.7056
65.2305,116.3087,116.3322,116.3577,116.4212,116.5104,116.6916
65.5311,116.2934,116.3171,116.3428,116.4062,116.4955,116.6773
65.8317,116.2784,116.3021,116.3277,116.3915,116.4808,116.6630
66.1323,116.2634,116.2872,116.3129,116.3767,116.4664,116.6487
66.4329,116.2487,116.2724,116.2982,116.3620,116.4518,116.6352
66.7335,116.2338,116.2577,116.2836,116.3477,116.4374,116.6211
67.0341,116.2192,116.2434,116.2691,116.3332,116.4233,116.6074
67.3347,116.2049,116.2288,116.2547,116.3189,116.4091,116.5936
67.6353,116.1904,116.2145,116.2407,116.3047,116.3952,116.5805
67.9359,116.1763,116.2004,116.2264,116.2908,116.3811,116.5669
68.2365,116.1621,116.1862,116.2124,116.2768,116.3676,116.5536
68.5371,116.1482,116.1723,116.1986,116.2629,116.3538,116.5404
68.8377,116.1343,116.1584,116.1847,116.2493,116.3402,116.5276
69.1383,116.1205,116.1448,116.1711,116.2356,116.3267,116.5144
69.4389,116.1069,116.1310,116.1574,116.2222,116.3135,116.5015
69.7395,116.0933,116.1176,116.1442,116.2087,116.3002,116.4888
70.0401,116.0798,116.1042,116.1307,116.1956,116.2870,116.4763
70.3407,116.0665,116.0908,116.1174,116.1823,116.2741,116.4635
70.6413,116.0533,116.0777,116.1043,116.1693,116.2611,116.4510
70.9419,116.0401,116.0646,116.0913,116.1563,116.2483,116.4388
71.2425,116.0271,116.0517,116.0784,116.1435,116.2355,116.4265
71.5431,116.0142,116.0388,116.0655,116.1308,116.2231,116.4143
71.8437,116.0013,116.0260,116.0529,116.1180,116.2103,116.4021
72.1443,115.9887,116.0134,116.0402,116.1057,116.1981,116.3904
72.4449,115.9761,116.0007,116.0277,116.0931,116.1857,116.3783
72.7455,115.9635,115.9883,116.0154,116.0808,116.1736,116.3666
73.0461,115.9512,115.9759,116.0030,116.0685,116.1614,116.3548
73.3467,115.9388,115.9637,115.9908,116.0565,116.1494,116.3436
73.6473,115.9267,115.9515,115.9787,116.0443,116.1376,116.3318
73.9479,115.9144,115.9394,115.9668,116.0324,116.1256,116.3205
74.2485,115.9025,115.9275,115.9548,116.0206,116.1140,116.3092
74.5491,115.8907,115.9156,115.9430,116.0088,116.1023,116.2981
74.8497,115.8787,115.9039,115.9312,115.9972,116.0909,116.2868
75.1503,115.8672,115.8922,115.9196,115.9856,116.0792,116.2759
75.4509,115.8555,115.8806,115.9081,115.9742,116.0680,116.2650
75.7515,115.8440,115.8691,115.8966,115.9628,116.0567,116.2542
76.0521,115.8326,115.8577,115.8853,115.9515,116.0456,116.2431
76.3527,115.8212,115.8466,115.8740,115.9404,116.0344,116.2326
76.6533,115.8101,115.8351,115.8629,115.9293,116.0235,116.2221
76.9539,115.7987,115.8242,115.8518,115.9183,116.0127,116.2115
77.2545,115.7878,115.8131,115.8408,115.9073,116.0017,116.2010
77.5551,115.7768,115.8021,115.8299,115.8966,115.9911,116.1908
77.8557,115.7659,115.7913,115.8191,115.8857,115.9803,116.1807
78.1563,115.7551,115.7805,115.8084,115.8751,115.9700,116.1702
78.4569,115.7443,115.7700,115.7976,115.8645,115.9593,116.1602
78.7575,115.7338,115.7592,115.7872,115.8540,115.9490,116.1502
79.0581,115.7231,115.7488,115.7767,115.8436,115.9387,116.1405
79.3587,115.7128,115.7383,115.7663,115.8333,115.9285,116.1303
79.6593,115.7024,115.7279,115.7561,115.8232,115.9183,116.1206
79.9599,115.6920,115.7178,115.7458,115.8128,115.9083,116.1109
80.2605,115.6820,115.7075,115.7358,115.8029,115.8984,116.1015
80.5611,115.6718,115.6975,115.7255,115.7929,115.8883,116.0916
80.8617,115.6618,115.6874,115.7158,115.7831,115.8786,116.0823
81.1623,115.6517,115.6776,115.7058,115.7731,115.8688,116.0730
81.4629,115.6419,115.6678,115.6960,115.7635,115.8592,116.0637
81.7635,115.6322,115.6579,115.6863,115.7539,115.8494,116.0541
82.0641,115.6223,115.6483,115.6767,115.7442,115.8401,116.0453
82.3647,115.6128,115.6387,115.6671,115.7347,115.8307,116.0362
82.6653,115.6031,115.6291,115.6575,115.7253,115.8212,116.0271
82.9659,115.5937,115.6196,115.6483,115.7160,115.8119,116.0180
83.2665,115.5842,115.6104,115.6389,115.7065,115.8029,116.0094
83.5671,115.5749,115.6010,115.6296,115.6975,115.7938,116.0006
83.8677,115.5657,115.5917,115.6204,115.6883,115.7845,115.9917
84.1683,115.5564,115.5827,115.6113,115.6792,115.7756,115.9829
84.4689,115.5475,115.5735,115.6023,115.6702,115.7667,115.9747
84.7695,115.5384,115.5646,115.5932,115.6614,115.7580,115.9661
85.0701,115.5293,115.5555,115.5844,115.6526,115.7489,115.9573
85.3707,115.5206,115.5468,115.5756,115.6435,115.7405,115.9491
85.6713,115.5117,115.5380,115.5667,115.6351,115.7319,115.9409
85.9719,115.5030,115.5291,115.5581,115.6264,115.7232,115.9327
86.2725,115.4942,115.5207,115.5496,115.6179,115.7147,115.9241
86.5731,115.4858,115.5120,115.5410,115.6093,115.7064,115.9162
86.8737,115.4772,115.5035,115.5324,115.6010,115.6980,115.9083
87.1743,115.4686,115.4951,115.5241,115.5927,115.6895,115.9003
87.4749,115.4604,115.4868,115.5158,115.5842,115.6815,115.8919
87.7756,115.4520,115.4785,115.5074,115.5762,115.6734,115.8845
88.0762,115.4438,115.4701,115.4993,115.5680,115.6652,115.8768
88.3768,115.4355,115.4621,115.4911,115.5599,115.6570,115.8688
88.6774,115.4275,115.4539,115.4831,115.5518,115.6494,115.8609
88.9780,115.4194,115.4459,115.4750,115.5440,115.6414,115.8537
89.2786,115.4113,115.4379,115.4672,115.5361,115.6334,115.8462
89.5792,115.4035,115.4300,115.4593,115.5281,115.6257,115.8385
89.8798,115.3955,115.4222,115.4513,115.5205,115.6182,115.8309
90.1804,115.3878,115.4142,115.4437,115.5129,115.6106,115.8239
90.4810,115.3801,115.4068,115.4360,115.5052,115.6026,115.8166
90.7816,115.3724,115.3990,115.4284,115.4974,115.5955,115.8091
91.0822,115.3648,115.3914,115.4207,115.4901,115.5880,115.8019
91.3828,115.3571,115.3840,115.4134,115.4826,115.5806,115.7951
91.6834,115.3498,115.3765,115.4059,115.4751,115.5730,115.7880
91.9840,115.3423,115.3691,115.3984,115.4678,115.5661,115.7805
92.2846,115.3349,115.3616,115.3912,115.4607,115.5588,115.7738
92.5852,115.3277,115.3546,115.3841,115.4535,115.5514,115.7672
92.8858,115.3204,115.3472,115.3769,115.4461,115.5444,115.7602
93.1864,115.3133,115.3400,115.3695,115.4393,115.5375,115.7529
93.4870,115.3060,115.3329,115.3627,115.4322,115.5305,115.7466
93.7876,115.2991,115.3259,115.3556,115.4252,115.5232,115.7400
94.0882,115.2920,115.3189,115.3485,115.4181,115.5167,115.7333
94.3888,115.2849,115.3119,115.3417,115.4115,115.5099,115.7262
94.6894,115.2782,115.3052,115.3349,115.4046,115.5030,115.7202
94.9900,115.2712,115.2983,115.3281,115.3976,115.4961,115.7139
95.2906,115.2645,115.2914,115.3212,115.3911,115.4898,115.7071
95.5912,115.2577,115.2849,115.3148,115.3845,115.4831,115.7005
95.8918,115.2512,115.2782,115.3080,115.3778,115.4762,115.6948
96.1924,115.2445,115.2716,115.3013,115.3711,115.4699,115.6884
96.4930,115.2378,115.2649,115.2949,115.3650,115.4637,115.6819
96.7936,115.2315,115.2587,115.2885,115.3585,115.4572,115.6756
97.0942,115.2248,115.2520,115.2820,115.3519,115.4506,115.6701
97.3948,115.2184,115.2456,115.2755,115.3456,115.4446,115.6639
97.6954,115.2121,115.2394,115.2695,115.3395,115.4384,115.6574
97.9960,115.2059,115.2331,115.2631,115.3333,115.4320,115.6516
98.2966,115.1996,115.2268,115.2568,115.3268,115.4257,115.6462
98.5972,115.1933,115.2206,115.2508,115.3210,115.4201,115.6401
98.8978,115.1873,115.2147,115.2447,115.3149,115.4139,115.6337
99.1984,115.1811,115.2085,115.2386,115.3087,115.4077,115.6283
99.4990,115.1750,115.2023,115.2325,115.3027,115.4019,115.6230
99.7996,115.1692,115.1966,115.2268,115.2970,115.3962,115.6170
100.1002,115.1632,115.1905,115.2208,115.2911,115.3902,115.6108
100.4008,115.1573,115.1846,115.2148,115.2850,115.3841,115.6058
100.7014,115.1513,115.1787,115.2091,115.2795,115.3788,115.6004
101.0020,115.1457,115.1731,115.2034,115.2738,115.3730,115.5946
101.3026,115.1398,115.1673,115.1976,115.2680,115.3672,115.5887
101.6032,115.1340,115.1614,115.1917,115.2623,115.3615,115.5840
101.9038,115.1285,115.1560,115.1864,115.2570,115.3563,115.5786
102.2044,115.1228,115.1502,115.1806,115.2513,115.3506,115.5729
102.5050,115.1172,115.1447,115.1751,115.2456,115.3449,115.5674
102.8056,115.1117,115.1392,115.1696,115.2403,115.3396,115.5629
103.1062,115.1063,115.1338,115.1643,115.2350,115.3344,115.5574
103.4068,115.1008,115.1283,115.1588,115.2296,115.3290,115.5519
103.7074,115.0953,115.1228,115.1532,115.2240,115.3234,115.5468
104.0080,115.0901,115.1177,115.1482,115.2191,115.3185,115.5422
104.3086,115.0847,115.1122,115.1428,115.2138,115.3132,115.5371
104.6092,115.0794,115.1070,115.1375,115.2084,115.3079,115.5316
104.9098,115.0742,115.1018,115.1324,115.2033,115.3026,115.5269
105.2104,115.0691,115.0967,115.1273,115.1984,115.2980,115.5224
105.5110,115.0640,115.0915,115.1222,115.1933,115.2927,115.5174
105.8116,115.0587,115.0864,115.1170,115.1880,115.2876,115.5121
106.1122,115.0539,115.0816,115.1122,115.1833,115.2827,115.5077
106.4128,115.0487,115.0765,115.1071,115.1783,115.2780,115.5031
106.7134,115.0437,115.0715,115.1022,115.1733,115.2730,115.4982
107.0140,115.0389,115.0666,115.0973,115.1684,115.2679,115.4931
107.3146,115.0340,115.0618,115.0925,115.1638,115.2635,115.4890
107.6152,115.0292,115.0568,115.0877,115.1589,115.2586,115.4844
107.9158,115.0242,115.0520,115.0827,115.1540,115.2537,115.4796
108.2164,115.0196,115.0475,115.0783,115.1495,115.2489,115.4748
108.5170,115.0148,115.0426,115.0734,115.1448,115.2446,115.4709
108.8176,115.0101,115.0379,115.0688,115.1402,115.2398,115.4662
109.1182,115.0055,115.0334,115.0641,115.1354,115.2350,115.4616
109.4188,115.0008,115.0287,115.0597,115.1311,115.2307,115.4570
109.7194,114.9962,115.0242,115.0550,115.1265,115.2262,115.4532
110.0200,114.9917,115.0195,115.0504,115.1219,115.2217,115.4487
110.3206,114.9873,115.0152,115.0462,115.1176,115.2171,115.4441
110.6212,114.9827,115.0106,115.0416,115.1133,115.2130,115.4400
110.9218,114.9782,115.0062,115.0372,115.1088,115.2084,115.4362
111.2224,114.9740,115.0019,115.0329,115.1043,115.2041,115.4318
111.5230,114.9695,114.9975,115.0286,115.1003,115.1998,115.4274
111.8236,114.9653,114.9932,115.0243,115.0959,115.1958,115.4235
112.1242,114.9609,114.9888,115.0199,115.0916,115.1914,115.4197
112.4248,114.9567,114.9848,115.0159,115.0874,115.1871,115.4154
112.7255,114.9525,114.9805,115.0116,115.0834,115.1831,115.4111
113.0261,114.9483,114.9762,115.0074,115.0792,115.1790,115.4075
113.3267,114.9443,114.9723,115.0033,115.0750,115.1749,115.4035
113.6273,114.9401,114.9681,114.9993,115.0711,115.1707,115.3995
113.9279,114.9360,114.9640,114.9952,115.0670,115.1669,115.3953
114.2285,114.9320,114.9600,114.9911,115.0630,115.1628,115.3919
114.5291,114.9280,114.9561,114.9873,115.0590,115.1588,115.3879
114.8297,114.9240,114.9520,114.9833,115.0553,115.1548,115.3841
115.1303,114.9200,114.9481,114.9793,115.0513,115.1511,115.3802
115.4309,114.9162,114.9443,114.9755,115.0474,115.1472,115.3769
115.7315,114.9122,114.9403,114.9717,115.0436,115.1432,115.3729
116.0321,114.9084,114.9365,114.9678,115.0398,115.1396,115.3692
116.3327,114.9046,114.9326,114.9640,115.0360,115.1358,115.3655
116.6333,114.9007,114.9290,114.9604,115.0322,115.1320,115.3623
116.9339,114.8970,114.9251,114.9565,115.0287,115.1282,115.3585
117.2345,114.8933,114.9214,114.9529,115.0249,115.1247,115.3548
117.5351,114.8896,114.9178,114.9492,115.0212,115.1208,115.3514
117.8357,114.8860,114.9141,114.9456,115.0176,115.1173,115.3480
118.1363,114.8823,114.9105,114.9419,115.0141,115.1137,115.3444
118.4369,114.8788,114.9069,114.9383,115.0105,115.1103,115.3409
118.7375,114.8751,114.9035,114.9349,115.0069,115.1066,115.3376
119.0381,114.8716,114.8998,114.9313,115.0036,115.1031,115.3343
119.3387,114.8680,114.8963,114.9278,115.0000,115.0997,115.3309
119.6393,114.8646,114.8930,114.9244,114.9966,115.0962,115.3274
119.9399,114.8612,114.8893,114.9210,114.9932,115.0928,115.3243
120.2405,114.8577,114.8861,114.9176,114.9899,115.0893,115.3210
120.5411,114.8544,114.8826,114.9142,114.9865,115.0862,115.3176
120.8417,114.8508,114.8793,114.9110,114.9831,115.0827,115.3144
121.1423,114.8477,114.8760,114.9076,114.9799,115.0794,115.3115
121.4429,114.8443,114.8726,114.9043,114.9766,115.0762,115.3080
121.7435,114.8410,114.8695,114.9010,114.9733,115.0730,115.3050
122.0441,114.8377,114.8661,114.8978,114.9701,115.0697,115.3018
122.3447,114.8344,114.8630,114.8946,114.9671,115.0664,115.2990
122.6453,114.8314,114.8597,114.8913,114.9638,115.0634,115.2957
122.9459,114.8280,114.8566,114.8883,114.9607,115.0601,115.2926
123.2465,114.8250,114.8534,114.8851,114.9576,115.0571,115.2896
123.5471,114.8218,114.8503,114.8820,114.9545,115.0539,115.2868
123.8477,114.8186,114.8473,114.8789,114.9515,115.0510,115.2836
124.1483,114.8156,114.8441,114.8759,114.9484,115.0477,115.2806
124.4489,114.8125,114.8412,114.8728,114.9455,115.0448,115.2778
124.7495,114.8096,114.8381,114.8699,114.9424,115.0418,115.2751
125.0501,114.8065,114.8351,114.8669,114.9395,115.0390,115.2720
125.3507,114.8036,114.8322,114.8638,114.9366,115.0359,115.2692
125.6513,114.8007,114.8291,114.8610,114.9337,115.0330,115.2665
125.9519,114.7977,114.8263,114.8581,114.9308,115.0302,115.2635
126.2525,114.7949,114.8233,114.8552,114.9279,115.0272,115.2607
126.5531,114.7919,114.8206,114.8523,114.9252,115.0244,115.2580
126.8537,114.7892,114.8177,114.8495,114.9222,115.0215,115.2554
127.1543,114.7863,114.8148,114.8468,114.9195,115.0189,115.2524
127.4549,114.7835,114.8120,114.8439,114.9167,115.0159,115.2498
127.7555,114.7808,114.8092,114.8413,114.9140,115.0132,115.2472
128.0561,114.7780,114.8066,114.8385,114.9112,115.0105,115.2448
128.3567,114.7753,114.8037,114.8358,114.9086,115.0077,115.2418
128.6573,114.7726,114.8011,114.8330,114.9060,115.0050,115.2393
128.9579,114.7699,114.7984,114.8304,114.9032,115.0024,115.2368
129.2585,114.7673,114.7957,114.8278,114.9007,114.9999,115.2343
129.5591,114.7646,114.7932,114.8250,114.8981,114.9971,115.2313
129.8597,114.7621,114.7905,114.8226,114.8955,114.9946,115.2291
130.1603,114.7594,114.7880,114.8200,114.8928,114.9920,115.2266
130.4609,114.7569,114.7853,114.8174,114.8904,114.9895,115.2242
130.7615,114.7543,114.7829,114.8149,114.8879,114.9867,115.2215
131.0621,114.7517,114.7804,114.8124,114.8852,114.9844,115.2193
131.3627,114.7493,114.7778,114.8100,114.8828,114.9819,115.2169
131.6633,114.7467,114.7754,114.8073,114.8804,114.9793,115.2145
131.9639,114.7443,114.7729,114.8050,114.8780,114.9768,115.2119
132.2645,114.7417,114.7705,114.8025,114.8754,114.9745,115.2098
132.5651,114.7394,114.7680,114.8001,114.8732,114.9721,115.2075
132.8657,114.7370,114.7657,114.7977,114.8708,114.9695,115.2050
133.1663,114.7345,114.7633,114.7954,114.8684,114.9673,115.2026
133.4669,114.7323,114.7608,114.7930,114.8660,114.9649,115.2005
133.7675,114.7298,114.7586,114.7906,114.8638,114.9626,115.1983
134.0681,114.7275,114.7562,114.7884,114.8616,114.9601,115.1958
134.3687,114.7252,114.7540,114.7860,114.8591,114.9580,115.1937
134.6693,114.7230,114.7516,114.7838,114.8570,114.9557,115.1916
134.9699,114.7207,114.7494,114.7815,114.8547,114.9533,115.1895
135.2705,114.7183,114.7472,114.7793,114.8525,114.9511,115.1868
135.5711,114.7163,114.7448,114.7771,114.8502,114.9490,115.1850
135.8717,114.7139,114.7428,114.7747,114.8482,114.9468,115.1830
136.1723,114.7118,114.7405,114.7727,114.8460,114.9444,115.1808
136.4729,114.7097,114.7383,114.7705,114.8437,114.9424,115.1783
136.7735,114.7075,114.7363,114.7684,114.8417,114.9402,115.1766
137.0741,114.7054,114.7341,114.7662,114.8395,114.9381,115.1746
137.3747,114.7032,114.7321,114.7642,114.8375,114.9358,115.1725
137.6754,114.7012,114.7298,114.7621,114.8353,114.9339,115.1701
137.9760,114.6990,114.7280,114.7599,114.8334,114.9318,115.1686
138.2766,114.6969,114.7258,114.7580,114.8313,114.9296,115.1665
138.5772,114.6950,114.7237,114.7559,114.8292,114.9276,115.1644
138.8778,114.6929,114.7217,114.7539,114.8272,114.9257,115.1622
139.1784,114.6910,114.7197,114.7519,114.8253,114.9237,115.1607
139.4790,114.6888,114.7178,114.7500,114.8233,114.9214,115.1587
139.7796,114.6870,114.7157,114.7479,114.8211,114.9197,115.1564
140.0802,114.6850,114.7139,114.7459,114.8194,114.9177,115.1547
140.3808,114.6830,114.7119,114.7441,114.8175,114.9158,115.1532
140.6814,114.6812,114.7099,114.7421,114.8155,114.9136,115.1512
140.9820,114.6791,114.7081,114.7402,114.8136,114.9120,115.1489
141.2826,114.6771,114.7061,114.7383,114.8119,114.9100,115.1474
141.5832,114.6753,114.7043,114.7366,114.8100,114.9080,115.1456
141.8838,114.6735,114.7023,114.7346,114.8080,114.9061,115.1438
142.1844,114.6716,114.7007,114.7326,114.8063,114.9044,115.1416
142.4850,114.6697,114.6987,114.7310,114.8045,114.9026,115.1402
142.7856,114.6680,114.6968,114.7291,114.8026,114.9005,115.1385
143.0862,114.6660,114.6951,114.7273,114.8007,114.8989,115.1365
143.3868,114.6643,114.6933,114.7255,114.7992,114.8971,115.1345
143.6874,114.6625,114.6916,114.7238,114.7974,114.8953,115.1333
143.9880,114.6608,114.6897,114.7220,114.7955,114.8933,115.1316
144.2886,114.6590,114.6882,114.7202,114.7939,114.8919,115.1297
144.5892,114.6572,114.6863,114.7187,114.7923,114.8901,115.1277
144.8898,114.6557,114.6845,114.7169,114.7905,114.8882,115.1267
145.1904,114.6539,114.6830,114.7152,114.7886,114.8866,115.1248
145.4910,114.6522,114.6813,114.7135,114.7873,114.8851,115.1229
145.7916,114.6506,114.6796,114.7120,114.7855,114.8834,115.1213
146.0922,114.6489,114.6779,114.7103,114.7838,114.8814,115.1201
146.3928,114.6473,114.6765,114.7085,114.7822,114.8801,115.1184
146.6934,114.6456,114.6748,114.7071,114.7808,114.8783,115.1164
146.9940,114.6442,114.6730,114.7054,114.7791,114.8767,115.1150
147.2946,114.6425,114.6717,114.7038,114.7774,114.8749,115.1139
147.5952,114.6408,114.6700,114.7022,114.7761,114.8737,115.1121
147.8958,114.6395,114.6684,114.7008,114.7745,114.8720,115.1101
148.1964,114.6377,114.6668,114.6991,114.7728,114.8702,115.1090
148.4970,114.6362,114.6654,114.6974,114.7712,114.8687,115.1078
148.7976,114.6347,114.6637,114.6962,114.7700,114.8675,115.1061
149.0982,114.6332,114.6622,114.6946,114.7684,114.8658,115.1040
149.3988,114.6317,114.6608,114.6931,114.7667,114.8639,115.1033
149.6994,114.6300,114.6592,114.6915,114.7654,114.8628,115.1018
150.0000,114.6288,114.6577,114.6903,114.7640,114.8613,115.1001
